"user_id","last_name","first_name"
"db57e560-837c-4c7a-b80d-deb71f2a250b","Popescu","Dan"
"2bfa54dd-5328-404e-b4f0-a865d9fa3659","Popescu","Dan"
"0da72597-ed8b-404c-85b0-d449da043d35","Popescu","Dan"
"d9b49ed1-0d72-49fb-b106-a25f6fdc54d6","Popescu","Dan"
"7802e521-2068-4b1e-87f3-de9df01edf6c","Popescu","Dan"
"3e59d58e-ee0f-49d9-b161-cd50da4efe5a","Popescu","Dan"
"fc1c1dfd-655c-4751-91ab-8a0885bf02dc","Popescu","Dan"
"bd89c84c-1989-4641-a99a-8520e056577f","Popescu","Dan"
"08394ab3-75ca-4735-bf6b-d82754a5e7f6","Popescu","Dan"
"a47090c2-fabd-4fa9-a9c2-78b4ff06e9e9","Popescu","Dan"
"f795381a-f357-4765-80ed-78ca7c2633b7","Popescu","Dan"
"226fcb64-6cf4-4b30-be80-aa4a36d4f0ff","Popescu","Dan"
"8ca8ba53-4c92-4c2d-bdd9-9088ffc12061","Popescu","Dan"
"7c99152d-c037-4681-9143-1623c53de003","Popescu","Dan"
"b83f9a62-8a0b-4012-83e5-45b427bbff75","Popescu","Dan"
"45e583ae-6ab6-4903-9ceb-527dc87d1dc3","Popescu","Dan"
"bca56995-4bb9-41db-bd76-d08d26962dcb","Popescu","Dan"
"fc3f69d5-6a67-4a99-8619-8d00e2677dfc","Popescu","Dan"
"25ce0efc-ac03-4b9b-89bc-081704425128","Popescu","Dan"
"228fdcd6-f558-47b1-aa00-23ebc11421b6","Popescu","Dan"
"8bb34088-90ef-4e2c-add1-56b11304ff99","Popescu","Dan"
"2c200504-13e1-44fb-98cd-8b4b40d7d267","Popescu","Dan"
"179272cf-d685-43fa-a60b-ceb0a33ad1e2","Popescu","Dan"
"d707de3d-11b5-4a18-b326-ecf8f15ac287","Popescu","Dan"
"5d698be4-8ee5-47d3-869b-281406ba6d3b","Popescu","Dan"
"52373418-59ab-4241-8d31-903fa3d2ef97","Popescu","Dan"
"57129240-832a-44c2-abdf-26e4080148d9","Popescu","Dan"
"c4570215-6bdb-4110-a14b-218797e303d5","Popescu","Dan"
"77719823-dbfd-4a26-a7bf-ed85472cb109","Popescu","Dan"
"cd280ea3-c9a0-413e-af69-69d069ad1da6","Popescu","Dan"
"5c11736b-c584-4ecc-8423-1cc527ace067","Popescu","Dan"
"3d18b49d-0cde-491d-ab4e-bd842c4fc6fa","Popescu","Dan"
"e3753b42-79ca-4272-bff3-1730c5d9d540","Popescu","Dan"
"037ca97e-73a0-4f9a-9821-1c1d562b767a","Popescu","Dan"
"b78c394c-fafc-47e9-a861-77d48a68db75","Popescu","Dan"
"1e2ff81d-7533-4625-b3f7-c0d9ac5b8551","Popescu","Dan"
"f3bb66ce-740d-464b-bd18-9104744b801c","Popescu","Dan"
"5a15fdc7-7ec1-439a-8522-f38445e18b61","Popescu","Dan"
"f71ea230-7992-415b-86fe-b113ff10f9d4","Popescu","Dan"
"395bbe76-c81a-4037-8e18-64d9beece1b5","Popescu","Dan"
"62a6866a-82ef-4483-b36f-4527ce0073ba","Popescu","Dan"
"87e20eca-4a91-4f67-b5ee-a1cb6e86a3d1","Popescu","Dan"
"36c31b7c-eb72-4d9f-ab5c-d738fa6a02e4","Popescu","Dan"
"d2e3a151-6a87-48b3-9ed2-47b4a25d682d","Popescu","Dan"
"36c77387-8a9c-4c2e-8819-fbd7287786fc","Popescu","Dan"
"646d89db-36a2-40cf-ae6b-3274d74a6ae7","Sammy","Cesar"
"2cf3fafb-009a-424e-9a32-9947434f25aa","Dashawn","Jethro"
"988289bc-9d51-40cb-a8c0-f7f3731f26e9","Danny","Lee"
"a6dc72c1-ae59-456b-96b0-d480a6353b8b","Bev","London"
"17aff943-4d7a-4106-a40f-3405b063223a","Alan","Sullivan"
"31d8d6f7-da43-4867-993e-0fb4556728f7","Nash","Auden"
"d78f8dee-43ea-4df4-9bd5-1336f7b28dec","Jody","Kayle"
"fcc5e662-605c-4bcb-8d5d-c4b6b0fe1211","Virgil","Bertie"
"c96dd692-5e19-4d5c-9c5a-1d8372e3bfcd","Sasha","Malloy"
"de039fad-51ac-4d6a-b892-f74ad6e5b799","August","Alexander"
"3ada3962-fde6-442c-b8b9-c1c7a0ae1006","Kirby","Marcus"
"e6d658ce-4214-4974-b0ad-76695d2d47b8","Wilson","Nath"
"44fdac13-50cf-4390-9435-d1f4a5c63259","Hayes","Fernando"
"b1b7d963-a398-4833-9aa4-2c0358c6b120","Jefferson","Archie"
"1d155a6c-36b5-4f2d-8a33-9c1c3e7d6b6e","Leroy","Owain"
"ec425d52-6667-486c-8c08-7528b4b2fd82","Brod","Avery"
"a714e975-b029-4980-8716-013be4f214ca","Cade","Mylo"
"52a5f561-92a3-4433-98f0-9df69ab2255f","Bryant","Deshaun"
"35b59980-6e6e-44f4-a754-98bc78b38a86","Apollo","Vinnie"
"f2dad3ec-adde-4cd2-a0fc-176ef4a7a8bd","Barack","Roberto"
"b34b7c38-b505-44d2-a76d-5e80c3901938","Cyrus","Roberto"
"055377c2-46dd-43f2-b2db-e40092328920","Paxton","Ronnie"
"250ec683-f403-4048-b686-4b358600e3dd","Slade","Carson"
"bd07858e-7e56-445c-aa9f-f1b9c3bf7fff","Kameron","Ivor"
"c86d7520-79f2-4afa-8a1a-53425d238c2c","Callum","Matthew"
"f827b002-7294-47ea-a3bd-f2c03f361655","Channing","Vihan"
"743f0d53-aac4-4505-8514-46ab6c86ee56","Darragh","Sonny"
"7e5538d8-fb89-4b5e-bce4-021e5c5b9bd9","Edgar","Graeme"
"9ab93f88-21a2-426c-8734-cce165f6a5c2","Callen","Jacoby"
"87dbd24d-072b-463a-943e-adba0170573f","Teddy","Brydon"
"083f3b31-909a-45a2-a5b0-8aef52a943f2","Ieuan","Stone"
"02899c9b-a67c-4be7-956e-524d927e6e55","Dorian","Judd"
"d086a55a-1bde-4923-a34c-1b385b874b66","Ollie","Oscar"
"81537873-ec9f-4495-a512-07522f8d85dc","Hywel","Mason"
"c3203ac9-7167-4137-9fd5-5c850231adc9","Ronnie","Uriel"
"9643cd2c-ca94-41c2-8bc1-d0b33b7c364e","Rob","Khalid"
"30d40984-7e52-4552-8d6e-2a7b6edc6879","Alfred","Dwight"
"65f69ba2-f692-43db-8925-e69a1473e0e3","Bevan","Nicky"
"04d158fc-e880-45fd-b82c-e2d56905593d","Lachlan","Aron"
"48f19268-d3ef-444a-931d-c97b3f0c0b57","Daxon","Ewan"
"efbc0fd9-dffd-4aa5-b251-84f900b9a697","Olly","Gage"
"9f40adca-9b6d-47b3-a01b-ce3308d20693","Humphrey","Jonathon"
"1e422d1c-bf1b-4b68-ab44-ed8646d59f38","Blaze","Clive"
"0c4fc1b1-602c-43f6-92e2-fd47d65abc6e","Rory","Hassan"
